{"cameraMode":{"drawMode":0,"name":"Shaded","section":"Shading Mode"},"sceneLighting":false,"audioPlay":false,"sceneViewState":{"showFog":true,"showMaterialUpdate":false,"showSkybox":false,"showFlares":true,"showImageEffects":true,"showParticleSystems":true},"in2DMode":false,"pivot":{"x":38.189998626708987,"y":0.723480761051178,"z":-26.540489196777345},"rotation":{"x":0.46601638197898867,"y":-0.30827945470809939,"z":0.17732864618301392,"w":0.8101528286933899},"size":8.744769096374512,"orthographic":false}